Surveyor,GlobalID,Tree species scientific,Height of tree (m),DBH (cm),Density,x,y
Nick Metherall Nasolo June 2022,088df9e6-8f99-4b95-b191-4996d70c52f8,Carica papaya,3.9,5.3,0.75,177.6822195,-17.57251633
Nick Metherall Nasolo June 2022,52e56696-fcc5-4ead-a3c4-6943d9659211,Spathodea campanulata,8.2,11.8,0.45,177.6837022,-17.57218267
Nick Metherall Nasolo June 2022,b127db32-d95b-46c4-863c-60bac9561997,Spathodea campanulata,4,9.5,0.45,177.683416,-17.571672
Nick Metherall Nasolo June 2022,c5e61007-9ca3-49fe-8af2-be6e3c45a5d7,Spathodea campanulata,16.3,50.3,0.45,177.6836867,-17.57213167
Nick Metherall Nasolo June 2022,e7065e0a-a2fa-4f3b-a11d-5debd5634e51,Spathodea campanulata,17.4,53.2,0.45,177.6836795,-17.5721555
Nick Metherall Nasolo June 2022,757b0124-f308-45cb-8342-ff6f7ca2c49a,Spathodea campanulata,11.7,18.6,0.45,177.6836598,-17.57218717
Nick Metherall Nasolo June 2022,ab3d3520-33d7-4e5c-8f09-4646935beae7,Spathodea campanulata,14.9,43.9,0.45,177.683618,-17.57219867
Nick Metherall Nasolo June 2022,644d2fa1-7296-443a-be9b-e23881012f98,Spathodea campanulata,15.3,42.2,0.45,177.6836088,-17.57222683
Nick Metherall Nasolo June 2022,80f9777e-af9d-47db-8b67-baab59b95408,Spathodea campanulata,14.4,27.3,0.45,177.683619,-17.57221667
Nick Metherall Nasolo June 2022,6524d52e-99be-42a3-8ec5-bb736765f961,Spathodea campanulata,8.6,12.1,0.45,177.6836047,-17.5722425
Nick Metherall Nasolo June 2022,657d4bb7-cd37-4b8f-8860-b546b2a785f8,Spathodea campanulata,5.7,8.4,0.45,177.6836162,-17.57224983
Nick Metherall Nasolo June 2022,5e677312-ff91-4d64-a5e7-1658030568e5,Spathodea campanulata,3.7,8.3,0.45,177.683416,-17.571672
Nick Metherall Nasolo June 2022,5ad83b25-8ff3-4047-9bc9-d2e6069c0717,Carica papaya,3.7,5,0.45,177.6836295,-17.572242
Nick Metherall Nasolo June 2022,bddc552f-3c57-47d2-a9fc-bbe24a43fe6e,Spathodea campanulata,10.6,19.3,0.45,177.683416,-17.571672
Nick Metherall Nasolo June 2022,93cfa761-fe44-4fb0-8bb6-10802e84b575,Spathodea campanulata,9.4,11.6,0.45,177.6835973,-17.5722695
Nick Metherall Nasolo June 2022,3f766145-b806-413d-9c31-2cc8fe81c9e0,Spathodea campanulata,9.1,10,0.45,177.6836077,-17.5722535
Nick Metherall Nasolo June 2022,80a03135-a075-45df-9ade-61a5be567406,Spathodea campanulata,7.4,10.7,0.45,177.683587,-17.572261
Nick Metherall Nasolo June 2022,11e2b0f6-742e-4bb7-bb6d-6545424d6167,Spathodea campanulata,8.7,20.2,0.64,177.6835845,-17.57225233
Nick Metherall Nasolo June 2022,b4f994ef-3e82-49b1-9985-ee82d5d8e94c,Spathodea campanulata,12.4,18,0.64,177.6835867,-17.57224317
Nick Metherall Nasolo June 2022,874cf47a-f631-4251-b48f-714bc2e635fa,Spathodea campanulata,16.9,29.7,0.25,177.6835875,-17.57222117
Nick Metherall Nasolo June 2022,1e974da2-42c3-4c08-a4a5-d3a309d592c2,Spathodea campanulata,4.9,12.5,#N/A,177.6835647,-17.57223833
Nick Metherall Nasolo June 2022,d0e89e9d-82cb-4da3-9e1d-ed100e00fb54,Spathodea campanulata,8.4,20.2,0.64,177.6835618,-17.57223567
Nick Metherall Nasolo June 2022,11bbd117-dac9-49e8-9081-a4377fb8b224,Spathodea campanulata,17.3,61.3,0.64,177.6835555,-17.572215
Nick Metherall Nasolo June 2022,29103c90-f894-4247-a9af-1380b0af2bd8,Spathodea campanulata,9.1,16.5,0.25,177.6835502,-17.572224
Nick Metherall Nasolo June 2022,9d4f665c-1765-4dad-a063-4f8d3be184fb,Spathodea campanulata,13.1,24.1,0.45,177.6835265,-17.57223967
Nick Metherall Nasolo June 2022,3f5ed726-c0d8-44d9-9777-dea7fb24a54c,Spathodea campanulata,8,10.2,0.64,177.6835058,-17.57224117
Nick Metherall Nasolo June 2022,8e3b6a5d-252f-424e-86fc-b8d5a85fe940,Spathodea campanulata,7.6,9.6,0.45,177.6835428,-17.57223567
Nick Metherall Nasolo June 2022,d201c35f-4e40-490c-84a4-bf30756a6ee2,Spathodea campanulata,9.1,12.2,0.64,177.683525,-17.57223933
Nick Metherall Nasolo June 2022,4e9f31d6-914d-466b-b15d-21d61d7edb16,Spathodea campanulata,10.2,18.4,0.52,177.6835212,-17.57223
Nick Metherall Nasolo June 2022,6d871e6a-448d-4872-ac2e-6727d3c7289a,Spathodea campanulata,14.5,30.1,0.45,177.6835107,-17.5722275
Nick Metherall Nasolo June 2022,69bc9f71-a1bb-4a59-8008-4eea8fadb45b,Spathodea campanulata,17.3,59.6,0.64,177.6835143,-17.572184
Nick Metherall Nasolo June 2022,cddaae2e-99a0-481f-a683-132e8a76cbd3,Spathodea campanulata,17.1,17.1,0.64,177.683518,-17.5722355
Nick Metherall Nasolo June 2022,654a2239-e1d2-40fd-b904-0b2e99696631,Spathodea campanulata,6.7,9.3,#N/A,177.6835328,-17.57218933
Nick Metherall Nasolo June 2022,ad81c69b-8da7-4198-91b9-a95331df11a6,Spathodea campanulata,14.2,17.2,0.45,177.68356,-17.57218483
Nick Metherall Nasolo June 2022,b2dec534-6ac6-4ead-b169-ad28ddd7f964,Spathodea campanulata,13.1,18.8,0.64,177.6835735,-17.572177
Nick Metherall Nasolo June 2022,9a9b7dc3-f374-48fb-a113-419f475ed922,Spathodea campanulata,7,12.7,#N/A,177.6835922,-17.572186
Nick Metherall Nasolo June 2022,650bb50b-f6d8-4f13-a40e-fcc3ebeb61d0,Spathodea campanulata,10,13.6,0.64,177.6835878,-17.57218417
Nick Metherall Nasolo June 2022,da2420f2-2077-4e08-a3bf-3ce0cf20dfc6,Spathodea campanulata,12.4,23.5,0.64,177.683567,-17.57219517
Nick Metherall Nasolo June 2022,fa751dba-6974-456b-bef1-d225581b08a0,Spathodea campanulata,12,13.8,0.64,177.6835582,-17.57215683
Nick Metherall Nasolo June 2022,2423530c-57c0-4722-b1c9-71c59a38638d,Spathodea campanulata,12.4,23.5,0.33,177.6835813,-17.57215867
Nick Metherall Nasolo June 2022,9bab033b-c881-4a76-bd1e-315c03da676f,Spathodea campanulata,10.2,20.6,0.64,177.6835468,-17.5721505
Nick Metherall Nasolo June 2022,4bce6892-9af0-4575-9342-42bea82f0eab,Spathodea campanulata,17.1,46.9,0.64,177.6835257,-17.57214533
Nick Metherall Nasolo June 2022,f344bcbb-59bf-4d41-bac4-96c9709d729e,Spathodea campanulata,23.5,14.7,0.64,177.6835755,-17.57214183
Nick Metherall Nasolo June 2022,1ebc9d2e-03c8-4113-926b-d39a5df3142d,Spathodea campanulata,9.2,17.2,0.64,177.6835632,-17.57213917
Nick Metherall Nasolo June 2022,dff3875d-b726-46eb-a144-5d2ef2d0ffc6,Mangifera indica,12.4,57.8,0.64,177.6836277,-17.5720895
Nick Metherall Nasolo June 2022,7a2be62d-836a-4d35-b114-e1d43ce816a7,Spathodea campanulata,9.5,14.7,0.64,177.6835885,-17.57212317
Nick Metherall Nasolo June 2022,29c52061-6817-499a-86be-d94531450279,Spathodea campanulata,6.5,11,#N/A,177.6835873,-17.572112
Nick Metherall Nasolo June 2022,f24fb86f-073c-4877-93a0-f57bdeab9c80,Spathodea campanulata,7.4,10.4,0.25,177.6836183,-17.57214833
Nick Metherall Nasolo June 2022,77e17b82-0acf-4cf4-b4e3-e49657d43a47,Spathodea campanulata,8.8,9.8,0.64,177.6836023,-17.57214167
Nick Metherall Nasolo June 2022,a17497fa-17e1-4c9d-9bd1-61a649583efc,Spathodea campanulata,5.7,6.7,0.64,177.6836882,-17.5721255
Nick Metherall Nasolo June 2022,59be8d36-1556-40c4-832d-ad965f74a743,Spathodea campanulata,4.7,10,0.64,177.6836348,-17.57214767
Nick Metherall Nasolo May 2023,b86bbbe5-5b1e-4b56-a967-74729aedc6cc,Samanea saman,7.5,119,0.64,177.7267325,-17.59102533
Nick Metherall Nasolo May 2023,244bc540-df9b-46d2-b7dc-a2751554dba1,Carica papaya,5.5,18.5,0.64,177.7267185,-17.5910455
Nick Metherall Nasolo May 2023,da67f6fd-3757-4220-8490-dab7804bc441,Pear,5.5,15.5,0.64,177.7267227,-17.59100783
Nick Metherall Nasolo May 2023,aa8c5962-64b3-4e86-855a-1d0f1231aea6,Pear,4.4,10.5,0.64,177.726705,-17.59100633
Nick Metherall Nasolo May 2023,ab30f346-dc52-491d-9f2e-d4d478797469,Pear,5,5.5,0.64,177.7266945,-17.59092483
Nick Metherall Nasolo May 2023,2db6b610-45f7-484f-b61b-3ba03e9f5c00,Pear,5.7,6,0.64,177.7266877,-17.59095017
Nick Metherall Nasolo May 2023,acabf0bd-f743-4444-9aeb-5f73fb2fb335,Pear,3.6,51.5,0.64,177.7266863,-17.59095833
Nick Metherall Nasolo May 2023,b1ba2f3c-0156-4c72-949d-b9764b0c8967,Pear,3.4,5,#N/A,177.726685,-17.59098567
Nick Metherall Nasolo May 2023,47ace76c-a088-4902-8cb4-94cf96cbc3bb,Carica papaya,5.5,5,0.64,177.7266702,-17.5909305
Nick Metherall Nasolo May 2023,08ba8d7b-648c-4baf-8629-215fc05b439e,Carica papaya,8,8.5,0.25,177.7266655,-17.590946
Nick Metherall Nasolo May 2023,ebe6388f-e6b6-448b-82d8-6b3a1d07fc97,Samanea saman,7.6,27,0.52,177.7266218,-17.59094817
Nick Metherall Nasolo May 2023,c8e1aa4b-bb06-4fd1-9709-206317863a88,Pear,3.5,5,0.64,177.7266245,-17.5909475
Nick Metherall Nasolo May 2023,e05d5ae4-b769-4852-a17b-907f35f606fe,Pear,3.5,5,0.64,177.7266245,-17.5909475
Nick Metherall Nasolo May 2023,5274d702-7c23-4076-9895-c1b69d08a3c7,Samanea saman,3.7,7.5,0.45,177.7266242,-17.59095817
Nick Metherall Nasolo May 2023,3ce77b31-1c1c-4f1e-8174-efdb7f81d8be,Samanea saman,12.1,64.5,0.64,177.7266988,-17.59093667
Nick Metherall Nasolo May 2023,c8d563ff-3d9f-4995-889b-b09209e97e3a,Pear,4.2,7.5,0.64,177.7267525,-17.59094033
Nick Metherall Nasolo May 2023,ecb9c36e-bfce-4eb7-b410-633972b622f8,Pear,4,16,0.64,177.7267415,-17.590943
Nick Metherall Nasolo May 2023,b09caae6-b253-4b9e-92d4-05d2ffaf0097,Pear,3.2,17,0.45,177.7267547,-17.59098083
Nick Metherall Nasolo May 2023,3bdd7f88-56b6-449a-be98-e04c5e700fd6,Carica papaya,5.8,9.5,0.64,177.7267965,-17.59102533
Nick Metherall Nasolo May 2023,5c5ee2e8-dcab-457b-a70f-21a68e95e069,Carica papaya,5.2,6,#N/A,177.726792,-17.59100383
Nick Metherall Nasolo May 2023,e9278899-519c-4fc0-894e-294724d54aff,Carica papaya,4.5,6.5,#N/A,177.7267877,-17.59099933
Nick Metherall Nasolo May 2023,fe2729b3-0568-4768-9d14-3316db0a4649,Samanea saman,11.8,72,#N/A,177.726762,-17.5909565
Nick Metherall Nasolo May 2023,9c001087-a504-4d6b-8e59-0ad76753f512,Rhizophora spp.,9.5,5.4,0.45,177.7267635,-17.590943
Nick Metherall Nasolo May 2023,6a9b3b11-dc06-42ee-89a2-e0300ff6c359,Rhizophora spp.,4.3,14,0.45,177.7267828,-17.5909345
Nick Metherall Nasolo May 2023,bb0c91fd-07c0-4eea-ac0f-f69055765a6f,Rhizophora spp.,3.6,13,0.45,177.7268015,-17.59095567
Nick Metherall Nasolo May 2023,dd4362db-74cd-4a1e-a226-cdab095ae663,Rhizophora spp.,4.4,18.5,0.25,177.7268102,-17.59095883
Nick Metherall Nasolo May 2023,097ecb9a-004c-4811-bf2c-b2ac313161df,Samanea saman,8.9,70,0.64,177.7267715,-17.5909095
Nick Metherall Nasolo May 2023,a1ec0c7d-c8ba-40c3-b53c-18f57ea4a9b2,Samanea saman,9.5,64.5,0.64,177.726751,-17.590894
Nick Metherall Nasolo May 2023,7673167d-d42a-4bed-ae57-780c0a943d7d,Rhizophora spp.,4.8,7,0.53,177.7267563,-17.590892
Nick Metherall Nasolo May 2023,dac648ac-92e7-42df-8119-031ea7974484,Rhizophora spp.,4.6,5.5,0.45,177.7267508,-17.590896
Nick Metherall Nasolo May 2023,ad3fdf82-3052-472e-bbc2-e99570f59822,Rhizophora spp.,4.6,6.5,0.64,177.7267655,-17.59090483
Nick Metherall Nasolo May 2023,c2930af9-0e28-4ae7-a943-94966be091e3,Rhizophora spp.,4.8,15.5,0.64,177.7267043,-17.59085983
Nick Metherall Nasolo May 2023,1a83c0f8-b047-412a-b617-a5d3d7ccba95,Rhizophora spp.,4.2,21,0.64,177.7266947,-17.59086283
Nick Metherall Nasolo May 2023,eb42e313-4a62-4a8a-8a54-4aa1bd0932f0,Samanea saman,20.3,60.5,0.25,177.7288683,-17.59144867
Nick Metherall Nasolo May 2023,2fbe9f09-7147-4ba7-95b2-4b8951f84359,Samanea saman,18.4,162,0.25,177.7289883,-17.59149067
Nick Metherall Nasolo May 2023,15c960bd-8f90-4994-a313-61dda1156527,Samanea saman,19.3,131,0.64,177.7289525,-17.59148133
Nick Metherall Nasolo May 2023,e7c3bb9f-0ccc-4414-b159-314cdd6b3819,Oki,11.4,32,#N/A,177.7289092,-17.59147
Nick Metherall Nasolo May 2023,b1c4dcfd-e76f-47a6-844a-b17d6865454b,Samanea saman,20.3,122,0.64,177.7287645,-17.59141383
Nick Metherall Nasolo May 2023,57472e7d-58a1-417d-aa85-d8c2b47b1633,Samanea saman,18.7,137,0.64,177.7318573,-17.58475117
Nick Metherall Nasolo May 2023,f0948010-d389-457d-b461-2c0e646385e7,Carica papaya,6.3,13.5,0.64,177.7318477,-17.58482383
Nick Metherall Nasolo May 2023,ff65a9a3-4a76-4cee-bfc4-adcca3f48856,Carica papaya,5.4,16,0.64,177.731862,-17.5848215
Nick Metherall Nasolo May 2023,504df925-66a7-4839-8c0c-f34c2d853a05,Carica papaya,3.2,7,0.25,177.7318615,-17.58480267
Nick Metherall Nasolo May 2023,cdb69ab2-d7ae-4c5c-8782-4e5d649dd7cb,Carica papaya,3.4,7.5,0.64,177.7318597,-17.58479867
Nick Metherall Nasolo May 2023,008354d9-ac1d-4048-84b1-430490931e90,Carica papaya,3.6,15,0.25,177.7318533,-17.5847995
Nick Metherall Nasolo May 2023,76d92fd8-9cf5-4a5e-b45c-c9033e77457d,Tamarind,4.2,28,#N/A,177.7323548,-17.58230067
Nick Metherall Nasolo May 2023,6f584f1c-7ba4-467f-9b2a-a501464a1deb,Carica papaya,6.5,15.5,0.64,177.7324143,-17.58216617
Nick Metherall Nasolo May 2023,8078684f-e788-4f26-a83d-39d8c5ffe76f,Carica papaya,6.2,5.5,0.25,177.732425,-17.58217433
Nick Metherall Nasolo May 2023,04c8388a-f175-4188-9ead-db6f00a017ed,Carica papaya,7.1,10,0.64,177.7324367,-17.58218383
Nick Metherall Nasolo May 2023,7d3b0068-3aa3-47b0-8a54-9f841b3c0a4f,Carica papaya,3.7,6,0.64,177.7324398,-17.58215783
Nick Metherall Nasolo May 2023,91f5229a-f0e6-48b8-81c8-56ceae352222,Carica papaya,7.2,10,0.64,177.7324388,-17.582159
Nick Metherall Nasolo May 2023,e59b2434-6453-41bc-926b-a0f96b890800,Carica papaya,8.1,10.5,0.64,177.7324228,-17.5821555
Nick Metherall Nasolo May 2023,ffde077b-8925-4711-b572-a6d4dd8d9c79,Samanea saman,12.7,90,0.25,177.7171978,-17.58756067
Nick Metherall Nasolo May 2023,ede2f7aa-3592-4a4f-bcd0-a87fbad7f09f,Carica papaya,3.8,5.5,0.64,177.7171923,-17.58753267
Nick Metherall Nasolo May 2023,d0bf7164-2405-43d5-a2e0-b237e05205bb,Carica papaya,2.9,5,#N/A,177.717217,-17.58754267
Nick Metherall Nasolo May 2023,4cc89bb6-f09a-47d2-8999-f766d51cabcb,Carica papaya,5.1,13,0.64,177.7171293,-17.58765433
Nick Metherall Nasolo May 2023,4c232d9b-6a0f-4d34-9b4f-96a7150db89b,Samanea saman,10.9,117,0.25,177.6791553,-17.540247
Nick Metherall Nasolo May 2023,53628698-7a64-415c-bc3d-9d1b3cb73609,Samanea saman,12.4,121,0.25,177.6796607,-17.54038917
Nick Metherall Nasolo May 2023,04519add-f512-40b8-a162-6c09de3aaa97,Bruguiera spp.,10.8,91,0.25,177.6799887,-17.5403105
Nick Metherall Nasolo May 2023,3e4b7af6-727f-41bf-94f3-7b932b865742,Bruguiera spp.,10.6,168,#N/A,177.679998,-17.54031717
Nick Metherall Nasolo May 2023,850a6ee8-2d83-4ac3-945e-5ba444314210,Bruguiera spp.,11.3,94.5,#N/A,177.679888,-17.54032117
Nick Metherall Nasolo May 2023,77161f52-6109-4719-9d35-7d6c8f3458a1,Bruguiera spp.,3.8,27,0.64,177.6799133,-17.54032333
Nick Metherall Nasolo May 2023,db2124a3-7af7-46ba-a72e-e9e85fc0fa21,Bruguiera spp.,8.6,40.5,0.64,177.679916,-17.540323
Nick Metherall Nasolo May 2023,a442e54e-e004-43e0-9ae8-79519819bf65,Bruguiera spp.,12.1,22.5,0.64,177.6799183,-17.54030783
Nick Metherall Nasolo May 2023,c5fb08ca-915e-4705-a4ff-1507c7788c1e,Bruguiera spp.,6.9,18,#N/A,177.679883,-17.5403
Nick Metherall Nasolo May 2023,af9e66e5-921c-495b-9a41-c975a38fb977,Bruguiera spp.,7.4,18.5,#N/A,177.6798907,-17.54028367
Nick Metherall Nasolo May 2023,7ff460d9-53bc-4bfe-b7d4-6b3d20cb98ab,Bruguiera spp.,7.7,41.5,#N/A,177.6799065,-17.54027567
Nick Metherall Nasolo May 2023,c6111971-8f8d-49a4-9fa0-4f74ec8e8465,Bruguiera spp.,3.9,9,#N/A,177.679928,-17.54028817
Nick Metherall Nasolo May 2023,5d05d19b-d269-4354-80ad-71214d988d73,Bruguiera spp.,4.6,7.5,0.64,177.6799015,-17.5402835
Nick Metherall Nasolo May 2023,dfb691e2-681e-4759-a486-acd0e18591f2,Samanea saman,14.4,98,0.45,177.6794082,-17.54576917
Nick Metherall Nasolo May 2023,c9eee188-3178-482d-a877-11e91d290d9b,Samanea saman,14.5,183,#N/A,177.6794377,-17.5459055
Nick Metherall Nasolo May 2023,829d4772-efd6-4160-a7ef-2882c61f3e74,Samanea saman,16.4,85,#N/A,177.6792583,-17.54585683
Nick Metherall Nasolo May 2023,80265145-482a-4793-84c5-fd26655b4fae,Samanea saman,16.2,81,#N/A,177.679272,-17.54606767
Nick Metherall Nasolo May 2023,dc28c91d-8c6c-4f61-81ce-797fe8969e44,Samanea saman,15.7,162,#N/A,177.6792335,-17.54604317
Nick Metherall Nasolo May 2023,54fe89e2-3146-494d-8be1-d8a1eca838b1,Samanea saman,17.6,81.5,#N/A,177.6817618,-17.51569633
Nick Metherall Nasolo May 2023,967f25e0-ee71-4ed7-804c-e4f23000dfcf,Carica papaya,3.2,5.5,#N/A,177.681753,-17.51569783
Nick Metherall Nasolo May 2023,9a52afc3-fa28-4cd6-9799-1263f92c7e27,Samanea saman,16.2,105,#N/A,177.6817627,-17.51571317
Nick Metherall Nasolo May 2023,007de939-735b-4bcf-b83f-0d02bb6d3a6e,Carica papaya,3.4,5,0.45,177.6817538,-17.515686
Nick Metherall Nasolo May 2023,3d60a347-c046-4ee1-a33b-b5378946db20,Carica papaya,2.8,5,#N/A,177.6817445,-17.5156975
Nick Metherall Nasolo May 2023,ccaaa545-1d47-46bb-99d9-84b75b5e1205,Carica papaya,3.1,6,0.45,177.6817402,-17.51570967
Nick Metherall Nasolo May 2023,c57f58e2-4517-4144-93bf-d5d0b68f7694,Carica papaya,3.9,6,#N/A,177.6818277,-17.51566467
Nick Metherall Nasolo May 2023,259fcb29-20f4-42aa-b77f-10f0dc913980,Carica papaya,5.3,5,#N/A,177.6818203,-17.515651
Nick Metherall Nasolo May 2023,90102f22-80e2-44a2-b95a-c4d8ba3946b1,Carica papaya,3.5,5.5,#N/A,177.6818203,-17.51564183
Nick Metherall Nasolo May 2023,544d0d43-84ae-436f-a160-66c562def96a,Carica papaya,5.2,5,#N/A,177.681815,-17.5156385
Nick Metherall Nasolo May 2023,ae9ce958-107b-450f-98ff-4b2153f319d9,Carica papaya,5.3,5,#N/A,177.681803,-17.51565483
Nick Metherall Nasolo May 2023,7ae52bfc-0d8b-4082-9fd2-7a0b846851e5,Carica papaya,6,6,#N/A,177.6817605,-17.51564383
Nick Metherall Nasolo May 2023,d4cc00e0-f118-4130-8e0e-382c824679dd,Carica papaya,5,5,#N/A,177.6817262,-17.51566217
Nick Metherall Nasolo May 2023,9c33ff86-56ae-494c-824d-b7a84cd637a4,Carica papaya,2.3,5.5,#N/A,177.6817612,-17.51565117
Nick Metherall Nasolo May 2023,32a6ecd9-a75a-444f-8b09-3d75fa5c6a91,Carica papaya,4.6,6,#N/A,177.6817605,-17.51561333
Nick Metherall Nasolo May 2023,d2ac5a0a-d876-419c-8b55-0cf7ba2c8522,Carica papaya,4.2,9,#N/A,177.6816922,-17.51568517
Nick Metherall Nasolo May 2023,ae773d7b-7bc4-40b2-82e4-5d510fbc441d,Carica papaya,4,6,#N/A,177.6816955,-17.51567233
Nick Metherall Nasolo May 2023,a4088223-b0e0-4be1-92d2-f4d10e029ef6,Carica papaya,3.6,6.5,#N/A,177.6816858,-17.51568233
Nick Metherall Nasolo May 2023,6cb7d180-f47a-490b-81a5-a91db8416240,Carica papaya,2.9,6,#N/A,177.6816712,-17.515714
Nick Metherall Nasolo May 2023,22d85a0b-2b90-40dd-a25d-b4241cb190c8,Carica papaya,2.8,5,#N/A,177.6816582,-17.51571567
Nick Metherall Nasolo May 2023,ec80f21d-563b-439a-82d8-6773b03bfdda,Carica papaya,2.6,5,#N/A,177.6816688,-17.51572233
Nick Metherall Nasolo May 2023,ac7f4c1e-176b-496e-bca7-e77dd599b9f7,Samanea saman,18.9,118,#N/A,177.6816877,-17.515713
Nick Metherall Nasolo May 2023,dd934c61-e13c-4959-9470-990911cffd5a,Carica papaya,5.5,16,#N/A,177.681749,-17.51581317
Nick Metherall Nasolo May 2023,5fae6997-ec2d-485f-83ad-4c5e442d6514,Carica papaya,3.8,10,#N/A,177.6817855,-17.51579267
Nick Metherall Nasolo May 2023,786728a0-bc3c-4cbc-a71c-e5d6476e5d04,Carica papaya,3.2,6,0.45,177.6817783,-17.5157915
Nick Metherall Nasolo May 2023,606be504-df57-4f72-8069-c14095edad4b,Carica papaya,4.5,12,0.45,177.6817705,-17.515779
Nick Metherall Nasolo May 2023,10050606-c9f4-4fd0-9175-4be5af3ae146,Bruguiera spp.,12.2,107,#N/A,177.681349,-17.51531833
Nick Metherall Nasolo May 2023,40405779-e634-4d3f-9f09-eb25554d5328,Bruguiera spp.,15.3,43,#N/A,177.6814447,-17.51540733
Nick Metherall Nasolo May 2023,575d0276-70a4-4f89-9b01-ccb130feaf6f,Bruguiera spp.,10.5,42.5,#N/A,177.6813102,-17.5152925
Nick Metherall Nasolo May 2023,57aa536f-26b4-4a6e-a175-f950ded3007a,Bruguiera spp.,14.2,22,#N/A,177.6812948,-17.515295
Nick Metherall Nasolo May 2023,795bca2b-40c4-40f8-98aa-2d85424303b0,Bruguiera spp.,3.5,16,0.53,177.6813058,-17.51529033
Nick Metherall Nasolo May 2023,dfc79c5d-fd87-4af2-99c7-49f7c58cc63a,Bruguiera spp.,9.9,16.5,#N/A,177.6813137,-17.51530967
Nick Metherall Nasolo May 2023,3212bd86-d23e-42d1-8978-a9bc576aa713,Bruguiera spp.,14.4,39,#N/A,177.6812957,-17.51535017
Nick Metherall Nasolo May 2023,253490fc-062f-4545-b021-49342efbe905,Bruguiera spp.,13.1,45,0.45,177.6812733,-17.5153745
Nick Metherall Nasolo May 2023,3f341fff-e1f7-4536-8942-6e472b9bda40,Bruguiera spp.,4.4,9,0.45,177.6812812,-17.515364
Nick Metherall Nasolo May 2023,e309da13-4477-4cae-9dea-3f9f231e59ca,Bruguiera spp.,12.1,21,0.8,177.681293,-17.51537
Nick Metherall Nasolo May 2023,c19f93ab-7b6c-44cf-a583-ffe7eb603e7a,Bruguiera spp.,7.7,8.5,0.8,177.6812785,-17.5153965
Nick Metherall Nasolo May 2023,2995e920-63d4-4ee5-b218-d0bf90c79f1a,Bruguiera spp.,14.2,77,0.45,177.681287,-17.51540983
Nick Metherall Nasolo May 2023,3c6b00c9-a215-4b06-9190-755ec01559d1,Bruguiera spp.,12.5,63.5,0.45,177.6813045,-17.5153765
Nick Metherall Nasolo May 2023,9a251321-3599-4281-ace8-56c113a64f18,Bruguiera spp.,8.7,13,0.45,177.6812963,-17.51537733
Nick Metherall Nasolo May 2023,a9f0cdd2-5f3b-48ec-acf6-711eaf67f261,Bruguiera spp.,10.6,29,0.45,177.681328,-17.51540233
Nick Metherall Nasolo May 2023,190e5c21-25f6-4d75-9308-e7c60ce48c01,Bruguiera spp.,13.4,71,0.45,177.6813642,-17.51542183
Nick Metherall Nasolo May 2023,f1318a3b-ee41-4e41-b480-a404d105af34,Bruguiera spp.,3.7,6.5,0.53,177.6813697,-17.515428
Nick Metherall Nasolo May 2023,77c7a339-7264-4eb0-bc14-fa10587ba14e,Carica papaya,3.2,5,0.45,177.6813608,-17.51539867
Nick Metherall Nasolo May 2023,693a6c9f-2de5-4c93-a484-4924143128be,Bruguiera spp.,8.5,13,0.45,177.6813048,-17.51542683
Nick Metherall Nasolo May 2023,1929cefa-121f-463b-824c-ee62b4f7d709,Bruguiera spp.,8.1,10,0.45,177.6813057,-17.51543433
Nick Metherall Nasolo May 2023,4876efa3-40a6-452a-9b0d-c5b0cff17e47,Bruguiera spp.,4,5.5,0.45,177.6813238,-17.51543233
Nick Metherall Nasolo May 2023,c3536bd6-ec12-4016-90ac-33d6b5d6b3fe,Bruguiera spp.,5,5,0.45,177.68132,-17.51544383
Nick Metherall Nasolo May 2023,c5be3077-ba8b-4a90-8a12-07899f27e0e6,Bruguiera spp.,2.8,5,0.45,177.6813133,-17.5154345
Nick Metherall Nasolo May 2023,452b721c-4e40-4af9-bcd0-9d2f44bbc177,Bruguiera spp.,5.2,8.5,0.45,177.6813257,-17.51542183
Nick Metherall Nasolo May 2023,6283131d-e3ec-4695-bb7b-dfab6182349c,Samanea saman,15.6,131.5,0.45,177.677346,-17.51462183
Nick Metherall Nasolo May 2023,51d6cb1d-cfe0-484c-b65b-88aafbaf86f3,Samanea saman,15,82,0.52,177.6773038,-17.51456233
Nick Metherall Nasolo May 2023,d84a05ff-a29c-4d16-b176-9a7069dee82a,Bruguiera spp.,9.8,37,0.45,177.6772668,-17.5145235
Nick Metherall Nasolo May 2023,deaa9d1e-7b3f-49db-ae0d-5186ad8fe188,Bruguiera spp.,12.7,42,0.45,177.677248,-17.51450917
Nick Metherall Nasolo May 2023,ecf532d8-c377-4ae2-8170-e2d6cbb27f0b,Bruguiera spp.,11.9,45.5,0.45,177.6772768,-17.5145075
Nick Metherall Nasolo May 2023,0eeb580d-e6c0-49d4-8751-33c9a4810bc2,Bruguiera spp.,10.1,14,0.45,177.6773047,-17.51451867
Nick Metherall Nasolo May 2023,28721084-3bde-4bd7-9e53-fe460224f3e4,Bruguiera spp.,5.1,18.5,0.45,177.6772802,-17.51452667
Nick Metherall Nasolo May 2023,97a1ea27-6017-49ec-8e6b-6b123d616b72,Samanea saman,16.2,114,0.45,177.6772132,-17.51447283
Nick Metherall Nasolo May 2023,0fe0e9e4-29a2-48f8-9f99-2dcda5ccb45c,Carica papaya,6.3,21,0.45,177.6772123,-17.51448083
Nick Metherall Nasolo May 2023,d12aee9f-2748-4c95-b948-4ded9c6a53f7,Carica papaya,6.2,19,0.45,177.6772103,-17.51452267
Nick Metherall Nasolo May 2023,e1b18ff6-c792-4eda-932d-55f205d304e8,Musa acuminata,5.8,21.5,0.45,177.6772275,-17.514634
Nick Metherall Nasolo May 2023,6da5cbf1-f48e-4846-b6dc-7c0c3e05a2b8,Musa acuminata,2.8,8,0.45,177.6772355,-17.514625
Nick Metherall Nasolo May 2023,90ff6f0b-99d7-4599-98d5-123f794d3a97,Musa acuminata,2.1,7.5,0.45,177.6772218,-17.51462267
Nick Metherall Nasolo May 2023,1edb2185-7469-4369-bb2a-ace765631b37,Carica papaya,5.7,15,0.45,177.677324,-17.51466267
Nick Metherall Nasolo May 2023,4c77744e-9183-4d9c-b11b-963ec598605a,Bruguiera spp.,2.5,13,0.45,177.6772777,-17.51461433
Nick Metherall Nasolo May 2023,1134f4d3-8a4a-444d-821a-e3b79e6547fc,Bruguiera spp.,8.2,95,0.45,177.6772818,-17.51462133
Nick Metherall Nasolo May 2023,5d54bb77-723c-4acf-a499-099640761e9a,Bruguiera spp.,6.3,29,0.45,177.6772877,-17.5146155
Nick Metherall Nasolo May 2023,0d49c610-6799-46a9-84d5-24552167b3a3,Bruguiera spp.,5.1,6,0.45,177.6772797,-17.51455683
Nick Metherall Nasolo May 2023,3fd97c42-d541-44eb-984b-89ebb368188c,Carica papaya,2.7,5.5,0.45,177.68135,-17.51845883
Nick Metherall Nasolo May 2023,0e9d3608-6a93-4c0a-99ee-b656fbdfeb0c,Carica papaya,3.5,5,0.45,177.6812755,-17.518449
Nick Metherall Nasolo May 2023,2a1f5a31-72b7-490a-bd47-8119d257ce4d,Carica papaya,3.5,25,0.45,177.681351,-17.51855
Nick Metherall Nasolo May 2023,abaaf391-e469-492a-bf30-5bd1d688cb02,Samanea saman,12.2,50.5,0.45,177.6773427,-17.551636
Nick Metherall Nasolo May 2023,3e371bee-6ddf-44df-bb12-120c1baff9e2,Samanea saman,13.5,91.5,0.45,177.6773987,-17.5517025
Nick Metherall Nasolo May 2023,a4db0129-1c59-449d-b073-e0b097f331f8,Samanea saman,8.6,73,0.45,177.677313,-17.55182167
Nick Metherall Nasolo May 2023,20e15fa8-4919-4b21-8250-ce6df0d5176e,Samanea saman,15.9,80.5,0.45,177.6773183,-17.55184633
Nick Metherall Nasolo May 2023,a726beea-fe59-40da-9b1c-220b89ef6f95,Samanea saman,16.2,78,0.45,177.6772827,-17.55189033
Nick Metherall Nasolo May 2023,7d7e68af-74d1-49d4-9a7a-b2bea644c369,Samanea saman,14.8,99.5,0.45,177.6772738,-17.55196933
Nick Metherall Nasolo May 2023,f0ae150c-d177-4418-93f1-82c8b87f3b68,Carica papaya,3.1,6.5,0.45,177.6772448,-17.55205433
Nick Metherall Nasolo May 2023,240777c9-1781-4c84-b772-427dc983c4e6,Musa acuminata,4.3,36,0.45,177.6763582,-17.55511617
Nick Metherall Nasolo May 2023,0e11caec-24ff-4060-861d-3fefe5a97829,Musa acuminata,3.6,22.5,0.33,177.6763233,-17.55513317
Nick Metherall Nasolo May 2023,ff0dfe39-4cf6-4162-a25c-fe4dbb967fa7,Musa acuminata,1.8,6,0.25,177.6763272,-17.5551375
Nick Metherall Nasolo May 2023,b691df5d-7a95-4435-8b7d-508451a58ad5,Musa acuminata,2.3,9.5,0.25,177.6763122,-17.55514783
Nick Metherall Nasolo May 2023,821e5b9a-c094-4908-bd8b-ca6225f1c43e,Musa acuminata,4,44.5,0.25,177.6763113,-17.55515417
Nick Metherall Nasolo May 2023,9fe2a638-ed1a-4629-989f-e419d2b36843,Musa acuminata,4.3,34.5,0.25,177.6763383,-17.5551555
Nick Metherall Nasolo May 2023,b8cd087e-e13e-4464-b249-d8c9bf6d48fd,Musa acuminata,5.2,34.5,0.25,177.6763383,-17.55515367
Nick Metherall Nasolo May 2023,eab037d9-a50e-45bf-847a-e0b333e53b78,Musa acuminata,5.1,19,0.25,177.676329,-17.55516117
Nick Metherall Nasolo May 2023,c7e591da-aca4-40f3-9e9e-c4c1d6831d64,Musa acuminata,3.2,10,0.25,177.6763562,-17.55516767
Nick Metherall Nasolo May 2023,f16b4862-7eb6-40b8-9662-0d65dabb3e9a,Musa acuminata,1.9,7,0.25,177.6763518,-17.55515633
Nick Metherall Nasolo May 2023,712a1105-a670-4a3b-8d52-c5cd597f07d8,Musa acuminata,3.9,25,0.25,177.6763785,-17.5551765
Nick Metherall Nasolo May 2023,4d0ff263-dbd4-4697-bcd9-d8f4a995fff9,Musa acuminata,2.6,8.5,0.25,177.6763733,-17.55518317
Nick Metherall Nasolo May 2023,8020bb2a-d33a-450c-b008-5d19f3111300,Musa acuminata,3.7,16,0.25,177.6763688,-17.555179
Nick Metherall Nasolo May 2023,182d57dd-936e-4fc6-8f8b-28eddb1f2289,Musa acuminata,3.7,40.5,0.33,177.6763298,-17.5551805
Nick Metherall Nasolo May 2023,1b65bdfe-e223-48a7-b634-9665ef43bb87,Musa acuminata,3.6,31.5,0.25,177.6763287,-17.55517433
Nick Metherall Nasolo May 2023,5287c09e-2f7b-4eed-a8f9-4704c48b3729,Musa acuminata,3.5,17,0.25,177.6763363,-17.55516717
Nick Metherall Nasolo May 2023,b4eb9580-4ab0-4207-ab33-d944ccfe5b41,Musa acuminata,2.7,12.5,0.25,177.6763082,-17.55520067
Nick Metherall Nasolo May 2023,6dda571f-36b1-4a0b-9f2d-211fd3858497,Carica papaya,3.6,6,0.25,177.6763808,-17.5551505
Nick Metherall Nasolo May 2023,b4ec5ca8-8472-47a0-be3c-48658fe690e0,Carica papaya,4.3,11,0.25,177.6763895,-17.55514683
Nick Metherall Nasolo May 2023,c799a982-2335-48af-a60a-39c3f906258d,Musa acuminata,3.9,15.5,0.25,177.6763738,-17.55505583
Nick Metherall Nasolo May 2023,3c0c1b73-d2ef-4005-b745-2cfd99b14b53,Musa acuminata,6.5,19,0.25,177.6763592,-17.55505383
Nick Metherall Nasolo May 2023,a1567fee-d694-49fa-a748-1d1679cd3ea7,Musa acuminata,4.4,13,0.25,177.676358,-17.55505733
Nick Metherall Nasolo May 2023,bd6a61b3-e725-4790-b819-1109aac8f984,Musa acuminata,4.2,16.5,0.25,177.6763663,-17.5550595
Nick Metherall Nasolo May 2023,f1455b68-77ba-4361-aef7-ca1e7ed78ebb,Samanea saman,20.9,213,0.25,177.6763235,-17.55484217
Nick Metherall Nasolo May 2023,86caf539-a2a3-4614-8b28-b5e718a43591,Bruguiera spp.,16.6,35,0.25,177.6763118,-17.55491283
Nick Metherall Nasolo May 2023,71fc3cc8-6128-4740-b1b5-d14bbe6e7e24,Bruguiera spp.,10.4,31,0.25,177.6762985,-17.55470067
Nick Metherall Nasolo May 2023,65daeb17-ee11-41f6-b457-e69d11f60447,Samanea saman,21.2,167,0.25,177.6762972,-17.5546995
Nick Metherall Nasolo May 2023,98c2a399-91f9-4ed5-9d62-fbf6e655e124,Musa acuminata,2.7,10,0.25,177.6763003,-17.55508033
Nick Metherall Nasolo May 2023,e516b1a2-e341-44dc-a7b5-c68fc7496338,Musa acuminata,2.8,9.5,0.25,177.6762975,-17.55508217
Nick Metherall Nasolo May 2023,50c6db5e-cbaa-4419-a3b9-16d66a55247c,Musa acuminata,3.5,36,0.25,177.6762998,-17.55507917
Nick Metherall Nasolo May 2023,230645fd-8e5d-4f54-a140-376455af1ed8,Musa acuminata,3.3,17.5,0.25,177.6762963,-17.55507683
Nick Metherall Nasolo May 2023,46d7cfad-24b7-4b6f-a0f7-8e073bbef9b2,Musa acuminata,3.3,15,0.25,177.6762983,-17.55507667
Nick Metherall Nasolo May 2023,53048852-3f08-4ef6-b064-5ad9906a6496,Musa acuminata,2.9,29.5,0.25,177.6762833,-17.55507017
Nick Metherall Nasolo May 2023,ca46ddbb-37fc-475f-996d-5014ec69f2cc,Musa acuminata,2.3,9,0.25,177.6762773,-17.55509017
Nick Metherall Nasolo May 2023,18265071-87af-4fa2-8cd3-4a9fca9265a2,Musa acuminata,4.1,21,0.25,177.6762952,-17.55508233
Nick Metherall Nasolo May 2023,52ba355c-acc9-48a2-9853-6dc59e3f19d2,Bruguiera spp.,2.2,5,0.25,177.6763053,-17.5551795
Nick Metherall Nasolo May 2023,91bc0e6e-db83-475c-b8af-57d8ce40e5b8,Bruguiera spp.,2.3,5.5,0.25,177.6763135,-17.55518367
Nick Metherall Nasolo May 2023,4567ce5c-98ac-4efc-9588-99edfe69a163,Bruguiera spp.,1.9,5,0.25,177.6763138,-17.55518533
Nick Metherall Nasolo May 2023,10c10751-f659-48a4-ad65-8f3a58fbbdaf,Bruguiera spp.,1.9,5,0.25,177.6763167,-17.55519367
Nick Metherall Nasolo May 2023,e8b314f9-6ae4-4fdd-817e-2aa160101454,Bruguiera spp.,2.3,5.5,0.25,177.6763083,-17.555193
Nick Metherall Nasolo May 2023,8c8f3569-80d9-4ae8-84b8-a4bd48b38492,Bruguiera spp.,3.3,6.5,0.25,177.6763235,-17.55519633
Nick Metherall Nasolo May 2023,1b1b4363-625b-475a-a131-61d1d19806f5,Bruguiera spp.,2.4,5,0.25,177.6762978,-17.55519467
Nick Metherall Nasolo May 2023,994c1aa0-1f45-4a09-865f-53fca466cd75,Bruguiera spp.,3.9,7,0.25,177.6763112,-17.555203
Nick Metherall Nasolo May 2023,43feb7d9-0ea1-4811-89cf-9fc82bc2494b,Musa acuminata,3.3,29,0.25,177.6763167,-17.55518433
Nick Metherall Nasolo May 2023,19e5fbe9-e524-45d3-ae99-64b746de2203,Musa acuminata,2.9,13,0.25,177.6763423,-17.55518483
Nick Metherall Nasolo May 2023,29f34ba2-ead6-49bf-aec1-814905894361,Bruguiera spp.,2,5,0.52,177.6763482,-17.555184
Nick Metherall Nasolo May 2023,719bb37b-e9c2-4c78-a3ab-5a4add55bc30,Musa acuminata,3.6,16.5,0.25,177.6763422,-17.5551775
Nick Metherall Nasolo May 2023,4a3cf9be-4b6b-44c6-a68c-5328c2be88e7,Carica papaya,3.5,6,0.25,177.6763127,-17.554681
Nick Metherall Nasolo May 2023,cb9fc562-834a-4b45-b4ab-644335111df2,Musa acuminata,2.1,22,0.25,177.6763885,-17.554758
Nick Metherall Nasolo May 2023,1b4f6baa-fdc4-43ea-8ecd-a5bd7fcbe4bb,Musa acuminata,2.5,15.5,0.25,177.6763825,-17.55475317
Nick Metherall Nasolo May 2023,d7900cc4-29f8-4c64-9d86-af63af1c38fb,Carica papaya,6.6,15,0.25,177.6764253,-17.55474867
Nick Metherall Nasolo May 2023,38e2b50b-cc94-4fd1-b5c7-874d31ea2002,Carica papaya,2.5,5,0.25,177.676414,-17.55472533
Nick Metherall Nasolo May 2023,d64ea6a2-0fed-4e27-a8a9-e24997e66bb1,Carica papaya,5.2,5.5,0.45,177.6764203,-17.55470617
Navi June 2022,59bc89d3-2ae9-4c0a-90f3-9e336edc279b,Samanea saman,15.9,201,0.33,177.684483,-17.55008266
Navi June 2023,64335029-b0ab-418c-9216-e3ff9cba3148,Jacaranda mimosifolia,16.5,165,0.64,177.6844226,-17.55464151
Navi June 2024,630c051f-84ac-4de4-a71f-61feb3608520,Samanea saman,18,175.5,0.64,177.6851058,-17.55387997
Navi June 2025,4f073e66-d887-4477-9686-58779282945a,Samanea saman,13.5,98,0.64,177.6850901,-17.55346951
Navi June 2026,a8d52934-deb2-4b85-b696-1a6055a5d55f,Samanea saman,18.3,215,0.64,177.6861213,-17.55222572
Navi June 2027,b1015e88-a539-46e9-a02d-508fd9793cdb,Jacaranda mimosifolia,21,218,0.64,177.6863715,-17.55243032
Navi June 2028,70433cab-1d52-4ff1-bd44-996bf98e647f,Samanea saman,18.6,177,0.64,177.6863694,-17.55212241
Navi June 2029,a06a23c7-b477-4e22-afdc-1104cd99281c,Samanea saman,17.1,129.5,0.33,177.6847432,-17.55057653
Navi June 2030,29b0e88f-fcce-4e04-8a40-f5ce73b3efc1,Samanea saman,22.8,269,0.33,177.6843257,-17.54938115
Navi June 2031,7f7e770d-8337-47f2-81b4-75c3761a18cd,Samanea saman,18.9,169.5,0.45,177.6834014,-17.54802211
Navi June 2032,5392d7bf-62e2-495e-b543-4f26554569f6,Samanea saman,13.5,323,0.64,177.680879,-17.53639017
Navi June 2033,5f5c0c18-2fc2-4c83-abe6-d59bb7f6c597,Samanea saman,12.9,98.03944494,0.64,177.6808852,-17.536368
Navi June 2034,5779a905-6d4d-4c1c-b00c-72f000984124,Samanea saman,14.9,150.8788861,0.45,177.6810225,-17.5360705
Navi June 2035,aad717a6-4c22-469a-a6c6-957b70522c66,Samanea saman,10.8,164.5662112,0.45,177.6811382,-17.53575117
Navi June 2036,57e229d2-88a3-462b-a1ec-b026fa828246,Samanea saman,9.6,25.78310078,0.5,177.6810013,-17.53555467
Navi June 2037,48b4b2f9-de04-404f-a088-5d6dc5ab4412,Samanea saman,19.5,240,0.5,177.6815746,-17.54819172
Navi June 2038,d6965ab6-cd44-4bd9-a49e-7c24dec1cf7f,Samanea saman,17.7,235,0.5,177.6832287,-17.54764475
Navi June 2039,1d1f4232-4df4-4248-9172-14a47568bc00,Samanea saman,18.3,246,0.33,177.683198,-17.54713434
Navi June 2040,c8d0dbc2-610f-4a9c-9e6b-ff6726c2316f,Samanea saman,16.2,215,0.33,177.6836433,-17.54650285
Navi June 2041,8cfebb51-f48f-43ac-bb78-a3e21af12d63,Samanea saman,16.8,246,0.33,177.6828278,-17.54606309
Navi May 2022,35fc2131-679d-4912-bbed-f7953c94bf8d,Bruguiera spp. tree,25,Rhizophora spp.,0.45,177.6760358,-17.53381558
Navi May 2022,2d6b0a20-db5a-418d-9b69-8ee938242f98,Samanea saman,14.7,193,0.53,177.6835901,-17.53858722
Navi May 2022,b21ada84-b08b-415b-b86c-19d0cbea2ddb,Samanea saman,20.085,177.5,0.53,177.6835901,-17.5385873
Navi May 2022,c65fa373-6d1e-4911-9d6e-f1098ccdc03d,Samanea saman,15.4,104.5,0.53,177.6835901,-17.53858734
Naibuka Pine June 2023,c9067dc3-2ea3-49ee-9ee0-1943348732ec,Samanea saman,11,42,0.53,177.7958023,-17.42627633
Naibuka Pine June 2023,83cdd9df-4851-4112-9d26-89b084cc785e,Rhizophora spp.,11.3,12.5,0.45,177.6540685,-17.5404835
Naibuka Pine June 2023,b15b6d20-2e3f-4b98-9aa1-3223f5757a67,Rhizophora spp.,9.6,8.2,0.45,177.6541045,-17.5404935
Naibuka Pine June 2023,9643c5b3-1e5b-4cc6-9b0a-75af7e2b84a9,Rhizophora spp.,9.2,11.7,0.53,177.654086,-17.54048567
Naibuka Pine June 2023,75e5cedc-cb38-4968-9bbd-48b5a713019d,Rhizophora spp.,12.4,15.1,0.53,177.6541307,-17.5404705
Naibuka Pine June 2023,1903ed99-604a-4841-8574-1368945aa907,Rhizophora spp.,7.1,8,0.53,177.6541302,-17.540448
Naibuka Pine June 2023,e57a9e29-82ce-410c-9d26-29ee93b0754c,Rhizophora spp.,7.5,8.8,0.53,177.6541293,-17.540453
Naibuka Pine June 2023,79e46fe2-3e72-4ff3-ac99-202f31ed99ef,Rhizophora spp.,9.7,13.6,0.53,177.6541543,-17.54050633
Naibuka Pine June 2023,3d998d98-0762-4653-a041-805f4111a349,Rhizophora spp.,7.4,9.5,0.45,177.6541528,-17.54049067
Naibuka Pine June 2023,87f6da68-2190-42ad-b856-9674fe494045,Rhizophora spp.,8.6,9.9,0.45,177.6541363,-17.54050017
Naibuka Pine June 2023,cdf5d506-9408-4f6a-85ab-555c9109926f,Rhizophora spp.,4.9,6,0.45,177.654129,-17.540478
Naibuka Pine June 2023,18718952-5759-4565-91af-ab48b7214523,Rhizophora spp.,5.7,6,0.64,177.6541275,-17.54048033
Naibuka Pine June 2023,621be54c-b0d3-40b1-a22e-15111cdecf3b,Rhizophora spp.,4.9,6,0.45,177.6541297,-17.5404785
Naibuka Pine June 2023,48f8d3b8-f23b-4907-89c2-dfc986e1cb9c,Rhizophora spp.,11.5,16,0.45,177.6541408,-17.54054183
Naibuka Pine June 2023,e6450588-4b70-43fe-ac2f-2140f51df71f,Rhizophora spp.,13,14,0.33,177.65411,-17.54052233
Naibuka Pine June 2023,0e44ef83-4d37-4aef-b28f-7fbb84438035,Rhizophora spp.,13.1,13.5,0.33,177.6540932,-17.5405185
Naibuka Pine June 2023,af148d24-1aab-4c6f-acf9-9d408e6f5bd5,Rhizophora spp.,11.2,18.4,0.33,177.6540905,-17.54051983
Naibuka Pine June 2023,6ba4e924-3a9a-42c2-ac76-0372dad765ce,Rhizophora spp.,12.6,13.5,0.33,177.6541,-17.54054717
Naibuka Pine June 2023,fd2906e5-40fd-4b4d-bf44-ebff9450c7e2,Rhizophora spp.,14.3,12,0.33,177.6540553,-17.54054217
Naibuka Pine June 2023,b7dbfb34-6576-4d0e-a619-6c3d1b10b890,Rhizophora spp.,10,13.5,0.25,177.6540893,-17.54055083
Naibuka Pine June 2023,83632331-2769-435d-9a11-8cf396f6f1f7,Rhizophora spp.,7.3,8,0.33,177.6540667,-17.5405425
Naibuka Pine June 2023,c228dbed-dec5-420a-afcb-dfdbc7e94a8d,Rhizophora spp.,11.7,16,0.33,177.6540635,-17.54055817
Naibuka Pine June 2023,55198863-f311-4c5f-b93f-baee8fbd3448,Rhizophora spp.,5.3,8,0.33,177.6540677,-17.54058317
Naibuka Pine June 2023,a84d1b3c-b93e-4e4f-99c6-e3ca3604c1d4,Rhizophora spp.,9.4,7.5,0.33,177.6540942,-17.540581
Naibuka Pine June 2023,49f5321a-1a62-49f6-bb47-a4ec869c88f6,Rhizophora spp.,10.3,10.5,0.33,177.6541008,-17.540586
Naibuka Pine June 2023,a7c4e3ad-142c-4d68-8797-0afbd649658d,Rhizophora spp.,10.5,10.5,0.33,177.6540997,-17.54058167
Naibuka Pine June 2023,281e858d-72fe-4a54-8ea3-f42174f75740,Rhizophora spp.,9.6,10.1,0.45,177.6541207,-17.54057417
Naibuka Pine June 2023,9750e88b-fd01-469b-a56e-be3bace81cf9,Rhizophora spp.,11.2,20.1,0.33,177.654155,-17.54057033
Naibuka Pine June 2023,acaa2333-4776-4862-a2c4-7454c618eb68,Rhizophora spp.,10.3,17,0.33,177.6541878,-17.54059183
Naibuka Pine June 2023,10760ff1-01c4-4cd6-9221-4dbed6b0f0e0,Rhizophora spp.,5.7,7,0.33,177.6541742,-17.54057267
Team Tovuto Votu July 2023,a0ac0f77-48da-42f9-8bd3-f3895daa2904,Samanea saman,5.5,17.5,0.45,177.666806,-17.50228233
Team Tovuto Votu July 2023,14128bf8-661e-40fb-819c-8e505f34645b,Samanea saman,7.8,14,0.45,177.6667527,-17.5023445
Team Tovuto Votu July 2023,6be1c528-1ca8-4e11-b369-c473deca7162,Carica papaya,3.1,5.5,0.8,177.6667275,-17.50234067
Team Tovuto Votu July 2023,a1370cfd-cf7a-4326-86d9-4b9d2c8bed64,Samanea saman,12,58.2,0.8,177.6666553,-17.50224133
Team Tovuto Votu July 2023,7e9890a6-3bf7-415c-84c4-513f77371a52,Samanea saman,16.5,17.5,0.8,177.6666383,-17.50227367
Team Tovuto Votu July 2023,2ccf8137-2631-4ff9-8ea2-b56f1bb02ac9,Musa acuminata,4.7,11.7,0.8,177.6666325,-17.5022385
Team Tovuto Votu July 2023,00c6489b-2837-4ed8-bbfc-1be83c1cb57d,Inocarpus fagifer,10.1,22.6,0.8,177.6666183,-17.5022085
Team Tovuto Votu July 2023,22a950ae-51d9-410b-a1e5-8513071a4f56,Samanea saman,17,181.8,0.8,177.6665922,-17.50215367
Team Tovuto Votu July 2023,12a4649f-df2a-4053-91e8-2569e71077d6,Inocarpus fagifer,4.5,8.3,0.8,177.6666063,-17.50216533
Team Tovuto Votu July 2023,cda01cda-679a-486b-bec6-5509bdad7885,Samanea saman,5.5,8.2,0.8,177.6666215,-17.50215433
Team Tovuto Votu July 2023,9efe1a8b-1c29-48b6-a8ce-a5f7cf7dac29,Carica papaya,3.9,5.5,0.8,177.6666635,-17.502232
Team Tovuto Votu July 2023,b07fd6c9-725a-4989-b898-9fc3cfaaf1ae,Carica papaya,3.6,5.3,0.8,177.6666707,-17.50225383
Team Tovuto Votu July 2023,f5238d21-9ea2-455a-b11f-f71b4b0ee9fa,Rhizophora spp.,17.5,61.5,0.8,177.6667667,-17.5013195
Team Tovuto Votu July 2023,f74a7596-8a43-4986-853d-d6301ea0ae40,Rhizophora spp.,13.9,24.8,0.45,177.666754,-17.5013375
Team Tovuto Votu July 2023,ec495d23-71de-4b65-aa55-84c6139f64bd,Rhizophora spp.,6.4,8.7,0.45,177.6667483,-17.50133783
Team Tovuto Votu July 2023,84da4b20-792e-432c-835f-770b592c39c4,Rhizophora spp.,5.6,7.5,0.45,177.6667138,-17.50131783
Team Tovuto Votu July 2023,a280fa30-32e4-444c-9bb5-90baceedec34,Rhizophora spp.,6.6,7.9,0.45,177.6667288,-17.50130817
Team Tovuto Votu July 2023,8346ea4c-c343-4446-8066-9910446295a9,Rhizophora spp.,6.4,6.4,0.45,177.6667427,-17.50128217
Team Tovuto Votu July 2023,dec4c854-cd3d-4977-a921-794fb44e9212,Rhizophora spp.,5.1,6.2,0.45,177.6667565,-17.50128617
Team Tovuto Votu July 2023,04c64b0e-f324-46f1-b6ff-b7ea32e0bfe0,Rhizophora spp.,5.4,6.2,0.33,177.6667655,-17.50125783
Team Tovuto Votu July 2023,80e8cc5b-dfe1-4b15-97ba-640edf5aaa44,Rhizophora spp.,16.2,28.6,0.45,177.6667587,-17.50126833
Team Tovuto Votu July 2023,fdb9a3e4-6758-4b92-af00-430101915646,Rhizophora spp.,5.5,13,0.33,177.6667443,-17.50124967
Team Tovuto Votu July 2023,dbf4b384-207d-4c63-ae98-9747065528e8,Rhizophora spp.,17.5,48.6,0.33,177.6668232,-17.50126783
Team Tovuto Votu July 2023,281cc86b-edab-46e4-813b-93043423f603,Rhizophora spp.,17.9,39.7,0.33,177.6667958,-17.5013185
Team Tovuto Votu July 2023,99042e93-ad41-4d7d-86d6-13be5819be23,Rhizophora spp.,16.4,29.5,0.33,177.6668772,-17.50130233
Team Tovuto Votu July 2023,71fcf590-b974-4a38-9749-667c6069051a,Rhizophora spp.,7.1,13,0.33,177.6668548,-17.50134017
Team Tovuto Votu July 2023,c8928c88-628d-42e2-a474-59d3e95721cb,Rhizophora spp.,16.2,29.2,0.33,177.666847,-17.50138867
Team Tovuto Votu July 2023,a14bc6ec-5bd3-45e2-b4a4-ef9b9601bf35,Rhizophora spp.,16.9,28.4,0.33,177.6668467,-17.50138483
Team Tovuto Votu July 2023,155648b2-563b-4b12-989b-337b66098673,Rhizophora spp.,15.3,31,0.33,177.666824,-17.50139767
Team Tovuto Votu July 2023,72c678b6-5d80-46da-a62a-6b9658ed0fe4,Rhizophora spp.,15.9,30.5,0.33,177.666833,-17.50142733
Team Tovuto Votu July 2023,ddf71f39-57be-4f0a-bc76-add1c501e836,Rhizophora spp.,5.2,7.5,0.33,177.6668003,-17.501422
Team Tovuto Votu July 2023,027151e7-c452-4b36-b7bb-afffa9ea5bc2,Rhizophora spp.,5.6,8,0.33,177.6668015,-17.50141367
Team Tovuto Votu July 2023,b39ffd4a-ca49-4eec-b53e-8e261b73deec,Rhizophora spp.,6.6,7.366,0.33,177.6667682,-17.5014175
Team Tovuto Votu July 2023,8a229972-315c-40d1-a3d4-2c73eecf71a9,Rhizophora spp.,6.4,35.5,0.33,177.6667173,-17.50136867
Team Tovuto Votu July 2023,4313413b-3013-48b5-bf2c-fb3041e91e5c,Rhizophora spp.,4.3,6.143,0.33,177.6667365,-17.50140717
Team Tovuto Votu July 2023,601a10af-da50-4bad-8c58-73faa90fad4c,Bruguiera spp.,14,90.5,0.33,177.666662,-17.5023365
Team Tovuto Votu July 2023,16496030-8602-4808-afc9-630ec85c617b,Bruguiera spp.,13,81.5,0.33,177.666666,-17.5023375
Team Tovuto Votu July 2023,d675448b-2abe-415a-bbe5-b76dcce5ec40,Bruguiera spp.,12.5,68.7,0.33,177.6666792,-17.50234167
Team Tovuto Votu July 2023,255c3c8c-d6cd-40af-aec1-920c7053d67a,Bruguiera spp.,9.7,154.5,0.33,177.6655052,-17.50678267
Team Tovuto Votu July 2023,d6a46424-ec47-41c3-8dc9-013c78009783,Bruguiera spp.,4.3,16,0.45,177.6654568,-17.50677617
Team Tovuto Votu July 2023,c3f753b6-1c3e-4c4f-a029-704cbd42d733,Rhizophora spp.,9,22.9,0.33,177.6654282,-17.50677717
Team Tovuto Votu July 2023,22a4a72d-b78c-41c0-8508-68f02c4f3852,Rhizophora spp.,6.6,22.9,0.33,177.6654133,-17.50677617
Team Tovuto Votu July 2023,abfd00b0-107d-4a37-83c2-eacbc188ed0d,Rhizophora spp.,6.3,23,0.33,177.6654025,-17.50679
Team Tovuto Votu July 2023,72c8395f-8411-4c7d-ab8f-6c7c90279c73,Rhizophora spp.,10.2,9.5,0.33,177.665449,-17.50672867
Team Tovuto Votu July 2023,b8d9f96c-6764-49b3-a2f6-947f88a8e60b,Rhizophora spp.,11,60.2,0.8,177.6654503,-17.506762
Team Tovuto Votu July 2023,dd91660e-0671-4b05-9d2a-3f8843b723b1,Rhizophora spp.,4.5,11,0.8,177.6654918,-17.50676117
Team Tovuto Votu July 2023,14e770ab-324f-475b-ae26-d422cdce8123,Rhizophora spp.,5.5,19.5,0.8,177.6654847,-17.506745
Team Tovuto Votu July 2023,639fd4bf-0473-4a57-8e46-8b3e71ad8aa7,Rhizophora spp.,8.9,45.2,0.8,177.665517,-17.50677983
Team Tovuto Votu July 2023,555b652d-45f2-44c7-b4b4-f65bea155bc0,Rhizophora spp.,4,18.3,0.8,177.6649713,-17.5069715
Team Tovuto Votu July 2023,de9affe4-85cd-4a9b-9304-c08098519900,Rhizophora spp.,4,8.3,0.8,177.6649907,-17.5069105
Team Tovuto Votu July 2023,dd16c9cd-eb72-4d6e-981b-2cc96c2205bc,Rhizophora spp.,5.8,8.8,0.8,177.6649712,-17.50694083
Team Tovuto Votu July 2023,a9a35bbb-f794-4ba3-9543-92b7a344e00b,Rhizophora spp.,6.1,12,0.8,177.6649687,-17.50692183
Team Tovuto Votu July 2023,83042ee7-a9b1-4a64-82fc-c24de1dabbe1,Rhizophora spp.,9.6,31.4,0.8,177.665009,-17.50693183
Team Tovuto Votu July 2023,bf555035-3ecc-4b65-82de-5bfd59375f5a,Rhizophora spp.,9.6,25.4,0.8,177.665037,-17.5068765
Team Tovuto Votu July 2023,4bc07ab5-2de7-417d-9697-e922424b321d,Rhizophora spp.,12.4,23,0.8,177.6650938,-17.50689433
Mere Nick Nailaga July 2022,190f8224-505b-4183-bf3b-956e18156b79,Mangifera indica,7.9,28.5,0.8,177.6815035,-17.54280067
Mere Nick Nailaga July 2022,1a50855f-6cbd-4308-8695-ddb25a53024b,Mangifera indica,8.6,26.8,0.8,177.6815155,-17.54284433
Mere Nick Nailaga July 2022,f56a0e91-cb82-475d-b832-a2666e2fc8f7,Mangifera indica,4.2,19,0.8,177.681528,-17.54284117
Mere Nick Nailaga July 2022,b60b71bf-8dfc-40fd-8735-083a632e85c2,Mangifera indica,6.4,22.5,0.8,177.6815458,-17.54287467
Mere Nick Nailaga July 2022,dd331a46-1c5f-4dc6-8b2b-5c8b0a96c457,Bruguiera spp.,5.5,5.2,0.8,177.6815447,-17.54285433
Mere Nick Nailaga July 2022,d58785c1-05b5-458b-af8d-ab7882fff585,Bruguiera spp.,5.8,5.8,0.8,177.6815367,-17.54286533
Mere Nick Nailaga July 2022,8060273b-b892-47e3-a236-a245d9e353e2,Bruguiera spp.,4.8,9.6,0.33,177.6815285,-17.54282483
Mere Nick Nailaga July 2022,84f67e15-56fa-46df-9fa9-788ce6550795,Bruguiera spp.,2.1,15,0.64,177.681533,-17.54280317
Mere Nick Nailaga July 2022,c918aadf-5b15-4512-9229-4752efbea5aa,Samanea saman,18,Rhizophora spp.,0.64,177.6891868,-17.56907667
Mere Nick Nailaga July 2022,eacd6d65-5b44-4e06-8f6b-583db2d847db,Samanea saman,14.7,Rhizophora spp.,0.64,177.6892662,-17.56895433
Mere Nick Nailaga July 2022,7359c729-1aa2-4827-9777-9927a9909ef3,Bruguiera spp.,4.3,5,0.64,177.681803,-17.53389983
Mere Nick Nailaga July 2022,f8d9237f-3d82-45fc-8f71-4c5739e13d18,Rhizophora spp.,5.6,12.3,0.64,177.6817633,-17.53395817
Mere Nick Nailaga July 2022,5d365c14-32d4-4a5f-b5f0-bd6b89f4608d,Rhizophora spp.,9.7,25,0.64,177.6817707,-17.53400017
Mere Nick Nailaga July 2022,9dab40cf-5753-4d37-9a6a-28cbf1d56347,Samanea saman,13.3,271.5,0.45,177.6815948,-17.53442133
Mere Nick Nailaga July 2022,aea74c2c-d3ad-4ea8-9172-0fd5cc46bd96,Samanea saman,12.4,275.5,0.45,177.6816182,-17.53444083
Mere Nick Nailaga July 2022,9029c02c-0760-4fe7-95a4-cb63ef572755,Samanea saman,12.4,275.5,0.8,177.6816042,-17.5344185
Mere Nick Nailaga July 2022,32a88294-bd74-4706-8fc0-4b4df76c3df6,Mangifera indica,4.8,37,0.8,177.681616,-17.5343845
Mere Nick Nailaga July 2022,281adc32-9d5c-49e0-85e3-60bae2e55997,Carica papaya,4.7,12.5,0.8,177.6814507,-17.53481267
Mere Nick Nailaga July 2022,6cd31c63-80fd-484c-bcd9-f62aef297d4b,Carica papaya,3.6,13.5,0.8,177.681469,-17.5347545
Mere Nick Nailaga July 2022,93ddbced-a128-45df-9e50-118d29bdde4d,Carica papaya,5.9,14.2,0.8,177.6814572,-17.53484133
Mere Nick Nailaga July 2022,0cb93c1d-74e2-408c-b1f8-3a583e1dfaf5,Carica papaya,4.2,15,0.45,177.681433,-17.534849
Mere Nick Nailaga July 2022,e1a8b07f-7e85-42c1-aeff-b8474ec628f2,Samanea saman,12.5,142,0.33,177.6814413,-17.5348895
Mere Nick Nailaga July 2022,f5f233bc-8309-4977-8a87-f46183106902,Samanea saman,13.4,195,0.33,177.6814783,-17.534814
Mere Nick Nailaga July 2022,a68c97fe-7d52-4842-8f89-86b36444b709,Carica papaya,5.8,14.5,0,177.6814267,-17.53488033
Mere Nick Nailaga July 2022,ce55d7f2-f8f0-4d6f-bdff-2c425ca75c46,Carica papaya,4.7,9,0,177.681429,-17.53487917
Mere Nick Nailaga July 2022,07133b46-ee19-467a-b2ce-97ff88ed828c,Carica papaya,4.7,14,0,177.6814173,-17.53489467
Mere Nick Nailaga July 2022,73e200cb-af58-4f79-a50b-9cc072dde90d,Carica papaya,4.3,7.5,0.33,177.6814358,-17.534907
Mere Nick Nailaga July 2022,b6535a45-1cd1-441d-9666-725b934bf4b6,Carica papaya,3,9.5,0.8,177.6814312,-17.534897
Mere Nick Nailaga July 2022,a13eb650-314e-4a3e-8e15-a34ac5f591d0,Bruguiera spp.,6.5,19.5,0.8,177.6671533,-17.50810317
Mere Nick Nailaga July 2022,21888591-0861-4f7e-b242-41136f01ce87,Bruguiera spp.,5.5,38.3,0.8,177.6671757,-17.50808583
Mere Nick Nailaga July 2022,0210ccf0-287b-4d8f-baff-db289ce7dbce,Samanea saman,9.7,41,0.8,177.6672067,-17.5080275
Mere Nick Nailaga July 2022,8413b86f-5c9d-4156-8115-8ec1b52115d0,Samanea saman,2,36,0.33,177.6671808,-17.50804567
Mere Nick Nailaga July 2022,706068a6-8a92-4586-af28-ff70da0cfb87,Samanea saman,8.7,108,0.33,177.6672775,-17.50804683
Mere Nick Nailaga July 2022,8b5072c9-ae65-43da-a07a-518f6413aceb,Samanea saman,8.4,39.5,0.33,177.6672753,-17.50804083
Mere Nick Nailaga July 2022,e3b52112-b9f0-4151-8e67-b734a16e9153,Bruguiera spp.,6.1,11.8,0.45,177.667247,-17.50801067
Mere Nick Nailaga July 2022,b62e02ae-4f82-4baf-adc8-4ba0dfa11199,Samanea saman,6.3,57,0.45,177.667389,-17.50798267
Mere Nick Nailaga July 2022,811d56ce-d8f8-4c23-85eb-da53cb211477,Samanea saman,7.6,63.8,0.45,177.6673845,-17.50797983
Mere Nick Nailaga July 2022,b5bd95cf-5b69-4c8e-903d-cbc979b0f12a,Samanea saman,8.1,17.5,0.45,177.6674403,-17.50795367
Mere Nick Nailaga July 2022,9813bd2e-f148-436c-8025-84890af643f1,Samanea saman,7.5,33.9,0.45,177.6674657,-17.50796167
Mere Nick Nailaga July 2022,cf1a5543-aedb-46cf-8c0c-921e56d431e1,Inocarpus fagifer,7,23.1,0.45,177.6674142,-17.50796583
Mere Nick Nailaga July 2022,fa3db5e4-442b-46e4-b977-f5b3bda9bb42,Samanea saman,9.6,36.7,0.33,177.667407,-17.50795283
Mere Nick Nailaga July 2022,c98c7a70-65b4-42c1-91c5-61179a627989,Samanea saman,5.3,9.2,0,177.667452,-17.507904
Mere Nick Nailaga July 2022,31201b9b-59e2-41aa-9342-63eca19316dd,Samanea saman,4.5,8,0,177.667489,-17.5079205
Mere Nick Nailaga July 2022,2b4f8b2b-81aa-4e9e-80d9-5386b37d28d5,Inocarpus fagifer,7.4,24.4,0,177.667471,-17.50786983
Mere Nick Nailaga July 2022,a23cf9dd-ef46-49f9-82a3-9af24ca57e9d,Samanea saman,9.3,40.7,0,177.6674787,-17.50791233
Mere Nick Nailaga July 2022,a38d071a-5944-4297-b1b3-ee07ce67514c,Rhizophora spp.,8.9,23.4,0,177.6674225,-17.50791567
Mere Nick Nailaga July 2022,9bc10012-24ab-49cf-9918-f76088e39c00,Rhizophora spp.,4.4,11,0,177.6674375,-17.5078945
Mere Nick Nailaga July 2022,23920f28-f1ae-4146-94f2-78f74fce1b6c,Rhizophora spp.,8.1,30.7,0,177.6674827,-17.50788017
Mere Nick Nailaga July 2022,8e65e0ed-4ce2-4758-978b-c25cb64fb0cf,Bruguiera spp.,5.1,38,0,177.6674885,-17.50786967
Mere Nick Nailaga July 2022,7d79842b-8734-47c1-b57c-6ddcd10a9c9f,Rhizophora spp.,10.1,82,0,177.6675188,-17.50780917
Mere Nick Nailaga July 2022,393923fe-a54d-49c2-88d7-b940a55cd073,Rhizophora spp.,4.9,11.9,0,177.6676102,-17.50778033
Mere Nick Nailaga July 2022,688c973b-e6bd-4125-9893-7fca7e7cd57c,Rhizophora spp.,5.3,14.5,0,177.6676415,-17.50773833
Mere Nick Nailaga July 2022,8f29785e-fc66-4d92-a795-85d8cb3bdce9,Rhizophora spp.,9.1,19.5,0,177.6676432,-17.50772583
Mere Nick Nailaga July 2022,5e688bd5-c470-486a-ade0-68fa3a7941bd,Rhizophora spp.,8.9,23.7,0,177.6676557,-17.50772683
Mere Nick Nailaga July 2022,430e82a9-d7fa-43e9-8ec5-6a3564815d6c,Rhizophora spp.,6.1,16.2,0,177.6676792,-17.50772067
Mere Nick Nailaga July 2022,888b1533-46ed-47f7-aee1-e68f251eac8f,Rhizophora spp.,9.3,24.9,0,177.6676923,-17.50773133
Mere Nick Nailaga July 2022,3b177841-78e9-4df3-999e-ae3736420ba9,Rhizophora spp.,9.9,33.8,0,177.6677097,-17.50774483
Mere Nick Nailaga July 2022,f32adf95-c4cd-4231-8a41-8d7e18a0cd65,Rhizophora spp.,9.6,27.6,0,177.6677325,-17.50771867
Mere Nick Nailaga July 2022,6a6ce050-ef2b-4d08-b47d-7a35537e982f,Spathodea campanulata,9.9,22.4,0.33,177.6677385,-17.50765033
Mere Nick Nailaga July 2022,4094effa-386f-4774-9d09-f928a3edfce5,Spathodea campanulata,10.6,22.8,0.33,177.6677642,-17.507646
Mere Nick Nailaga July 2022,a4f6c046-518e-4901-9c19-efe6b4698a30,Spathodea campanulata,11.4,26.4,0,177.6677922,-17.50760883
Mere Nick Nailaga July 2022,43cc329e-9d71-47b3-8ffc-3939235d51dc,Spathodea campanulata,8.4,19.9,0,177.6677898,-17.50761917
Mere Nick Nailaga July 2022,bb414432-14b3-4971-8d59-5d4870f7858e,Spathodea campanulata,3.7,36.2,0,177.667776,-17.50760667
Mere Nick Nailaga July 2022,b361a6a3-d583-4973-9100-4c2f379606d5,Rhizophora spp.,10.8,49,0,177.6678502,-17.50757983
Mere Nick Nailaga July 2022,2941d3d7-d00d-4b83-9235-a84314b26c5a,Rhizophora spp.,9.1,30.8,0.45,177.6678562,-17.5075155
Mere Nick Nailaga July 2022,25c78492-f21d-48f8-bd4d-7fdeacde87dd,Bruguiera spp.,7.1,35.6,0.64,177.6679128,-17.50751967
Mere Nick Nailaga July 2022,f9334089-2ead-4ecc-9a01-5b00f5ec07fe,Morinda citrifolia,4.6,38,0.64,177.6679328,-17.50741333
Mere Nick Nailaga July 2022,a5a55208-4cc8-4dd0-96b2-f3b93b73be21,Samanea saman,9.71,32.8,0.45,177.6680225,-17.5074515
Mere Nick Nailaga July 2022,8f2bf454-a2a0-40b0-a452-4068f4ece73a,Samanea saman,5,12,0,177.6679367,-17.50748583
Mere Nick Nailaga July 2022,342d6787-5f22-417b-8d2d-d43ecf086c11,Samanea saman,7.4,36.6,0,177.667946,-17.507519
Mere Nick Nailaga July 2022,2aa02d45-6624-428b-9723-ed11351794e7,Samanea saman,7.5,15.4,0,177.6679525,-17.50751483
Mere Nick Nailaga July 2022,5c043361-7a90-48c1-bd51-b62a37b79354,Samanea saman,5.8,13.1,0,177.6679648,-17.50752233
